"timestamp","postcode","suburb","state","area_type","product","ondemand_shown","promise_text_verbatim","promise_type","ondemand_price_aud","standard_promise_text","standard_price_aud","labelled_fastest","notes","observation_state","ondemand_detected_by","n_options","suggestion_selected","run_id","slot","collector_version","tz_offset","study","product_key","attempts","error_type","review_flag"
"2026-09-26 12:00:16","2000","Sydney","NSW","metro core","Samsung Galaxy S26 5G 256GB","Y","Delivered within 2 hours","SCHEDULED",11.99,"Delivered by 28 September",6.99,"Y","","ON_DEMAND_SCHEDULED","logo-alt",2,"Sydney NSW 2000","primary_20260926_v2.2.0_gha","2026-09-26 12:00","2.2.0","+0930","primary","s26",1,"",""
"2026-09-26 12:00:41","2060","North Sydney","NSW","metro core","Samsung Galaxy S26 5G 256GB","Y","Delivered within 90 minutes","ASAP",11.99,"Delivered by 28 September",6.99,"Y","","ON_DEMAND_ASAP","logo-alt",2,"North Sydney NSW 2060","primary_20260926_v2.2.0_gha","2026-09-26 12:00","2.2.0","+0930","primary","s26",1,"",""
"2026-09-26 12:01:04","2170","Liverpool","NSW","metro fringe","Samsung Galaxy S26 5G 256GB","Y","Delivered within 90 minutes","ASAP",11.99,"Delivered by 28 September",6.99,"Y","","ON_DEMAND_ASAP","logo-alt",2,"Liverpool NSW 2170","primary_20260926_v2.2.0_gha","2026-09-26 12:00","2.2.0","+0930","primary","s26",1,"",""
"2026-09-26 12:01:27","2750","Penrith","NSW","metro fringe","Samsung Galaxy S26 5G 256GB","Y","Delivered within 90 minutes","ASAP",11.99,"Delivered by 28 September",6.99,"Y","","ON_DEMAND_ASAP","logo-alt",2,"Penrith NSW 2750","primary_20260926_v2.2.0_gha","2026-09-26 12:00","2.2.0","+0930","primary","s26",1,"",""
"2026-09-26 12:01:52","2300","Newcastle","NSW","regional","Samsung Galaxy S26 5G 256GB","Y","Delivered within 2 hours","SCHEDULED",11.99,"Delivered by 2 October",6.99,"Y","","ON_DEMAND_SCHEDULED","logo-alt",4,"Newcastle NSW 2300","primary_20260926_v2.2.0_gha","2026-09-26 12:00","2.2.0","+0930","primary","s26",1,"",""
"2026-09-26 12:02:17","2650","Wagga Wagga","NSW","regional","Samsung Galaxy S26 5G 256GB","Y","Delivered within 90 minutes","ASAP",11.99,"Delivered by 29 September",9.99,"Y","price tie - 3 non-Uber options at $9.99, first in DOM order used","ON_DEMAND_ASAP","logo-alt",4,"Wagga Wagga NSW 2650","primary_20260926_v2.2.0_gha","2026-09-26 12:00","2.2.0","+0930","primary","s26",1,"",""
"2026-09-26 12:02:41","2480","Lismore","NSW","regional","Samsung Galaxy S26 5G 256GB","N","","NONE","","Delivered by 29 September",9.99,"N","No on-demand option offered; price tie - 3 non-Uber options at $9.99, first in DOM order used","ON_DEMAND_UNAVAILABLE","",3,"Lismore NSW 2480","primary_20260926_v2.2.0_gha","2026-09-26 12:00","2.2.0","+0930","primary","s26",1,"",""
"2026-09-26 12:03:05","3000","Melbourne","VIC","metro core","Samsung Galaxy S26 5G 256GB","Y","Delivered within 90 minutes","ASAP",11.99,"Delivered by 28 September",6.99,"Y","","ON_DEMAND_ASAP","logo-alt",2,"Melbourne VIC 3000","primary_20260926_v2.2.0_gha","2026-09-26 12:00","2.2.0","+0930","primary","s26",1,"",""
"2026-09-26 12:03:30","3121","Richmond","VIC","metro core","Samsung Galaxy S26 5G 256GB","Y","Delivered within 90 minutes","ASAP",11.99,"Delivered by 28 September",6.99,"Y","","ON_DEMAND_ASAP","logo-alt",2,"Richmond VIC 3121","primary_20260926_v2.2.0_gha","2026-09-26 12:00","2.2.0","+0930","primary","s26",1,"",""
"2026-09-26 12:03:56","3030","Point Cook","VIC","metro fringe","Samsung Galaxy S26 5G 256GB","Y","Delivered within 90 minutes","ASAP",11.99,"Delivered by 28 September",6.99,"Y","","ON_DEMAND_ASAP","logo-alt",2,"Point Cook VIC 3030","primary_20260926_v2.2.0_gha","2026-09-26 12:00","2.2.0","+0930","primary","s26",1,"",""
"2026-09-26 12:04:20","3175","Dandenong","VIC","metro fringe","Samsung Galaxy S26 5G 256GB","Y","Delivered within 90 minutes","ASAP",11.99,"Delivered by 28 September",6.99,"Y","","ON_DEMAND_ASAP","logo-alt",2,"Dandenong VIC 3175","primary_20260926_v2.2.0_gha","2026-09-26 12:00","2.2.0","+0930","primary","s26",1,"",""
"2026-09-26 12:04:45","3220","Geelong","VIC","regional","Samsung Galaxy S26 5G 256GB","Y","Delivered within 90 minutes","ASAP",11.99,"Delivered by 28 September",6.99,"Y","","ON_DEMAND_ASAP","logo-alt",2,"Geelong VIC 3220","primary_20260926_v2.2.0_gha","2026-09-26 12:00","2.2.0","+0930","primary","s26",1,"",""
"2026-09-26 12:05:07","3550","Bendigo","VIC","regional","Samsung Galaxy S26 5G 256GB","Y","Delivered within 90 minutes","ASAP",11.99,"Delivered by 29 September",9.99,"Y","price tie - 3 non-Uber options at $9.99, first in DOM order used","ON_DEMAND_ASAP","logo-alt",4,"Bendigo VIC 3550","primary_20260926_v2.2.0_gha","2026-09-26 12:00","2.2.0","+0930","primary","s26",1,"",""
"2026-09-26 12:05:32","3350","Ballarat","VIC","regional","Samsung Galaxy S26 5G 256GB","Y","Delivered within 90 minutes","ASAP",11.99,"Delivered by 1 October",5.99,"Y","","ON_DEMAND_ASAP","logo-alt",4,"Ballarat VIC 3350","primary_20260926_v2.2.0_gha","2026-09-26 12:00","2.2.0","+0930","primary","s26",1,"",""
"2026-09-26 12:05:54","4000","Brisbane City","QLD","metro core","Samsung Galaxy S26 5G 256GB","Y","Delivered within 90 minutes","ASAP",11.99,"Delivered by 28 September",6.99,"Y","","ON_DEMAND_ASAP","logo-alt",2,"Brisbane City QLD 4000","primary_20260926_v2.2.0_gha","2026-09-26 12:00","2.2.0","+0930","primary","s26",1,"",""
"2026-09-26 12:06:17","4006","Fortitude Valley","QLD","metro core","Samsung Galaxy S26 5G 256GB","Y","Delivered within 2 hours","SCHEDULED",11.99,"Delivered by 28 September",6.99,"Y","","ON_DEMAND_SCHEDULED","logo-alt",2,"Fortitude Valley QLD 4006","primary_20260926_v2.2.0_gha","2026-09-26 12:00","2.2.0","+0930","primary","s26",1,"",""
"2026-09-26 12:06:38","4300","Springfield","QLD","metro fringe","Samsung Galaxy S26 5G 256GB","Y","Delivered within 90 minutes","ASAP",11.99,"Delivered by 28 September",6.99,"Y","","ON_DEMAND_ASAP","logo-alt",2,"Springfield QLD 4300","primary_20260926_v2.2.0_gha","2026-09-26 12:00","2.2.0","+0930","primary","s26",1,"",""
"2026-09-26 12:07:04","4178","Wynnum","QLD","metro fringe","Samsung Galaxy S26 5G 256GB","Y","Delivered within 2 hours","SCHEDULED",11.99,"Delivered by 28 September",6.99,"Y","","ON_DEMAND_SCHEDULED","logo-alt",2,"Wynnum QLD 4178","primary_20260926_v2.2.0_gha","2026-09-26 12:00","2.2.0","+0930","primary","s26",1,"",""
"2026-09-26 12:07:30","4350","Toowoomba City","QLD","regional","Samsung Galaxy S26 5G 256GB","Y","Delivered within 90 minutes","ASAP",11.99,"Delivered by 29 September",9.99,"Y","price tie - 3 non-Uber options at $9.99, first in DOM order used","ON_DEMAND_ASAP","logo-alt",4,"Toowoomba City QLD 4350","primary_20260926_v2.2.0_gha","2026-09-26 12:00","2.2.0","+0930","primary","s26",1,"",""
"2026-09-26 12:07:53","4740","Mackay","QLD","regional","Samsung Galaxy S26 5G 256GB","N","","NONE","","Delivered by 29 September",9.99,"N","No on-demand option offered; price tie - 3 non-Uber options at $9.99, first in DOM order used","ON_DEMAND_UNAVAILABLE","",3,"Mackay QLD 4740","primary_20260926_v2.2.0_gha","2026-09-26 12:00","2.2.0","+0930","primary","s26",1,"",""
"2026-09-26 12:08:18","4870","Cairns","QLD","regional","Samsung Galaxy S26 5G 256GB","Y","Delivered within 2 hours","SCHEDULED",11.99,"Delivered by 29 September",9.99,"Y","price tie - 3 non-Uber options at $9.99, first in DOM order used","ON_DEMAND_SCHEDULED","logo-alt",4,"Cairns QLD 4870","primary_20260926_v2.2.0_gha","2026-09-26 12:00","2.2.0","+0930","primary","s26",1,"",""
"2026-09-26 12:08:42","5000","Adelaide","SA","metro core","Samsung Galaxy S26 5G 256GB","Y","Delivered within 90 minutes","ASAP",11.99,"Delivered by 28 September",6.99,"Y","","ON_DEMAND_ASAP","logo-alt",2,"Adelaide SA 5000","primary_20260926_v2.2.0_gha","2026-09-26 12:00","2.2.0","+0930","primary","s26",1,"",""
"2026-09-26 12:09:05","5067","Norwood","SA","metro core","Samsung Galaxy S26 5G 256GB","Y","Delivered within 90 minutes","ASAP",11.99,"Delivered by 28 September",6.99,"Y","","ON_DEMAND_ASAP","logo-alt",2,"Norwood SA 5067","primary_20260926_v2.2.0_gha","2026-09-26 12:00","2.2.0","+0930","primary","s26",1,"",""
"2026-09-26 12:09:29","5034","Millswood","SA","metro core","Samsung Galaxy S26 5G 256GB","Y","Delivered within 90 minutes","ASAP",11.99,"Delivered by 28 September",6.99,"Y","","ON_DEMAND_ASAP","logo-alt",2,"Millswood SA 5034","primary_20260926_v2.2.0_gha","2026-09-26 12:00","2.2.0","+0930","primary","s26",1,"",""
"2026-09-26 12:09:51","5022","Grange","SA","metro fringe","Samsung Galaxy S26 5G 256GB","Y","Delivered within 90 minutes","ASAP",11.99,"Delivered by 28 September",6.99,"Y","","ON_DEMAND_ASAP","logo-alt",2,"Grange SA 5022","primary_20260926_v2.2.0_gha","2026-09-26 12:00","2.2.0","+0930","primary","s26",1,"",""
"2026-09-26 12:10:16","5108","Salisbury","SA","metro fringe","Samsung Galaxy S26 5G 256GB","Y","Delivered within 90 minutes","ASAP",11.99,"Delivered by 28 September",6.99,"Y","","ON_DEMAND_ASAP","logo-alt",2,"Salisbury SA 5108","primary_20260926_v2.2.0_gha","2026-09-26 12:00","2.2.0","+0930","primary","s26",1,"",""
"2026-09-26 12:10:43","5162","Morphett Vale","SA","metro fringe","Samsung Galaxy S26 5G 256GB","Y","Delivered within 90 minutes","ASAP",11.99,"Delivered by 28 September",6.99,"Y","","ON_DEMAND_ASAP","logo-alt",2,"Morphett Vale SA 5162","primary_20260926_v2.2.0_gha","2026-09-26 12:00","2.2.0","+0930","primary","s26",1,"",""
"2026-09-26 12:11:09","5095","Mawson Lakes","SA","metro fringe","Samsung Galaxy S26 5G 256GB","Y","Delivered within 90 minutes","ASAP",11.99,"Delivered by 28 September",6.99,"Y","","ON_DEMAND_ASAP","logo-alt",2,"Mawson Lakes SA 5095","primary_20260926_v2.2.0_gha","2026-09-26 12:00","2.2.0","+0930","primary","s26",1,"",""
"2026-09-26 12:11:34","5114","Smithfield","SA","outer metro","Samsung Galaxy S26 5G 256GB","Y","Delivered within 90 minutes","ASAP",11.99,"Delivered by 28 September",6.99,"Y","","ON_DEMAND_ASAP","logo-alt",2,"Smithfield SA 5114","primary_20260926_v2.2.0_gha","2026-09-26 12:00","2.2.0","+0930","primary","s26",1,"",""
"2026-09-26 12:11:56","5251","Mount Barker","SA","outer metro","Samsung Galaxy S26 5G 256GB","N","","NONE","","Delivered by 29 September",9.99,"N","No on-demand option offered; price tie - 3 non-Uber options at $9.99, first in DOM order used","ON_DEMAND_UNAVAILABLE","",3,"Mount Barker SA 5251","primary_20260926_v2.2.0_gha","2026-09-26 12:00","2.2.0","+0930","primary","s26",1,"",""
"2026-09-26 12:12:23","5290","Mount Gambier","SA","regional","Samsung Galaxy S26 5G 256GB","N","","NONE","","Delivered by 29 September",9.99,"N","No on-demand option offered; price tie - 3 non-Uber options at $9.99, first in DOM order used","ON_DEMAND_UNAVAILABLE","",3,"Mount Gambier SA 5290","primary_20260926_v2.2.0_gha","2026-09-26 12:00","2.2.0","+0930","primary","s26",1,"",""
"2026-09-26 12:12:43","5700","Port Augusta","SA","regional","Samsung Galaxy S26 5G 256GB","N","","NONE","","","","N","No available stores found for the given location.","NO_STORE_REPORTED","",0,"Port Augusta SA 5700","primary_20260926_v2.2.0_gha","2026-09-26 12:00","2.2.0","+0930","primary","s26",1,"",""
"2026-09-26 12:13:05","5606","Port Lincoln","SA","regional","Samsung Galaxy S26 5G 256GB","N","","NONE","","","","N","No available stores found for the given location.","NO_STORE_REPORTED","",0,"Port Lincoln SA 5606","primary_20260926_v2.2.0_gha","2026-09-26 12:00","2.2.0","+0930","primary","s26",1,"",""
"2026-09-26 12:13:30","6000","Perth","WA","metro core","Samsung Galaxy S26 5G 256GB","Y","Delivered within 2 hours","SCHEDULED",11.99,"Delivered by 28 September",6.99,"Y","","ON_DEMAND_SCHEDULED","logo-alt",2,"Perth WA 6000","primary_20260926_v2.2.0_gha","2026-09-26 12:00","2.2.0","+0930","primary","s26",1,"",""
"2026-09-26 12:15:16","6008","Subiaco","WA","metro core","Samsung Galaxy S26 5G 256GB","Y","Delivered within 90 minutes","ASAP",11.99,"Delivered by 28 September",6.99,"Y","","ON_DEMAND_ASAP","logo-alt",2,"Subiaco WA 6008","primary_20260926_v2.2.0_gha","2026-09-26 12:00","2.2.0","+0930","primary","s26",2,"",""
"2026-09-26 12:15:41","6164","Success","WA","metro fringe","Samsung Galaxy S26 5G 256GB","Y","Delivered within 90 minutes","ASAP",11.99,"Delivered by 28 September",6.99,"Y","","ON_DEMAND_ASAP","logo-alt",2,"Success WA 6164","primary_20260926_v2.2.0_gha","2026-09-26 12:00","2.2.0","+0930","primary","s26",1,"",""
"2026-09-26 12:16:04","6030","Clarkson","WA","metro fringe","Samsung Galaxy S26 5G 256GB","Y","Delivered within 90 minutes","ASAP",11.99,"Delivered by 28 September",6.99,"Y","","ON_DEMAND_ASAP","logo-alt",2,"Clarkson WA 6030","primary_20260926_v2.2.0_gha","2026-09-26 12:00","2.2.0","+0930","primary","s26",1,"",""
"2026-09-26 12:16:30","6230","Bunbury","WA","regional","Samsung Galaxy S26 5G 256GB","Y","Delivered within 90 minutes","ASAP",11.99,"Delivered by 30 September",9.99,"Y","price tie - 3 non-Uber options at $9.99, first in DOM order used","ON_DEMAND_ASAP","logo-alt",4,"Bunbury WA 6230","primary_20260926_v2.2.0_gha","2026-09-26 12:00","2.2.0","+0930","primary","s26",1,"",""
"2026-09-26 12:16:52","6430","Kalgoorlie","WA","regional","Samsung Galaxy S26 5G 256GB","N","","NONE","","","","N","No available stores found for the given location.","NO_STORE_REPORTED","",0,"Kalgoorlie WA 6430","primary_20260926_v2.2.0_gha","2026-09-26 12:00","2.2.0","+0930","primary","s26",1,"",""
"2026-09-26 12:17:15","6530","Geraldton","WA","regional","Samsung Galaxy S26 5G 256GB","N","","NONE","","","","N","No available stores found for the given location.","NO_STORE_REPORTED","",0,"Geraldton WA 6530","primary_20260926_v2.2.0_gha","2026-09-26 12:00","2.2.0","+0930","primary","s26",1,"",""
"2026-09-26 12:17:38","7000","Hobart","TAS","metro core","Samsung Galaxy S26 5G 256GB","Y","Delivered within 90 minutes","ASAP",11.99,"Delivered by 30 September",6.99,"Y","","ON_DEMAND_ASAP","logo-alt",4,"Hobart TAS 7000","primary_20260926_v2.2.0_gha","2026-09-26 12:00","2.2.0","+0930","primary","s26",1,"",""
"2026-09-26 12:18:03","7010","Glenorchy","TAS","metro fringe","Samsung Galaxy S26 5G 256GB","Y","Delivered within 2 hours","SCHEDULED",11.99,"Delivered by 1 October",6.99,"Y","","ON_DEMAND_SCHEDULED","logo-alt",4,"Glenorchy TAS 7010","primary_20260926_v2.2.0_gha","2026-09-26 12:00","2.2.0","+0930","primary","s26",1,"",""
"2026-09-26 12:18:28","7250","Launceston","TAS","regional","Samsung Galaxy S26 5G 256GB","Y","Delivered within 90 minutes","ASAP",11.99,"Delivered by 30 September",6.99,"Y","","ON_DEMAND_ASAP","logo-alt",4,"Launceston TAS 7250","primary_20260926_v2.2.0_gha","2026-09-26 12:00","2.2.0","+0930","primary","s26",1,"",""
"2026-09-26 12:18:52","7320","Burnie","TAS","regional","Samsung Galaxy S26 5G 256GB","N","","NONE","","Delivered by 30 September",6.99,"N","No on-demand option offered","ON_DEMAND_UNAVAILABLE","",3,"Burnie TAS 7320","primary_20260926_v2.2.0_gha","2026-09-26 12:00","2.2.0","+0930","primary","s26",1,"",""
"2026-09-26 12:19:14","2601","Canberra","ACT","metro core","Samsung Galaxy S26 5G 256GB","Y","Delivered within 90 minutes","ASAP",11.99,"Delivered by 1 October",6.99,"Y","","ON_DEMAND_ASAP","logo-alt",4,"Canberra ACT 2601","primary_20260926_v2.2.0_gha","2026-09-26 12:00","2.2.0","+0930","primary","s26",1,"",""
"2026-09-26 12:19:39","2900","Greenway","ACT","metro fringe","Samsung Galaxy S26 5G 256GB","Y","Delivered within 90 minutes","ASAP",11.99,"Delivered by 1 October",6.99,"Y","","ON_DEMAND_ASAP","logo-alt",4,"Greenway ACT 2900","primary_20260926_v2.2.0_gha","2026-09-26 12:00","2.2.0","+0930","primary","s26",1,"",""
"2026-09-26 12:20:04","0800","Darwin City","NT","metro core","Samsung Galaxy S26 5G 256GB","Y","Delivered within 90 minutes","ASAP",11.99,"Delivered by 30 September",9.99,"Y","price tie - 3 non-Uber options at $9.99, first in DOM order used","ON_DEMAND_ASAP","logo-alt",4,"Darwin City NT 0800","primary_20260926_v2.2.0_gha","2026-09-26 12:00","2.2.0","+0930","primary","s26",1,"",""
"2026-09-26 12:20:29","0810","Casuarina","NT","metro fringe","Samsung Galaxy S26 5G 256GB","Y","Delivered within 90 minutes","ASAP",11.99,"Delivered by 30 September",9.99,"Y","price tie - 3 non-Uber options at $9.99, first in DOM order used","ON_DEMAND_ASAP","logo-alt",4,"Casuarina NT 0810","primary_20260926_v2.2.0_gha","2026-09-26 12:00","2.2.0","+0930","primary","s26",1,"",""
"2026-09-26 12:20:49","0870","Alice Springs","NT","regional","Samsung Galaxy S26 5G 256GB","N","","NONE","","","","N","No available stores found for the given location.","NO_STORE_REPORTED","",0,"Alice Springs NT 0870","primary_20260926_v2.2.0_gha","2026-09-26 12:00","2.2.0","+0930","primary","s26",1,"",""
"2026-09-26 12:30:17","2000","Sydney","NSW","metro core","Samsung Galaxy S26 5G 256GB","Y","Delivered within 2 hours","SCHEDULED",11.99,"Delivered by 28 September",6.99,"Y","","ON_DEMAND_SCHEDULED","logo-alt",2,"Sydney NSW 2000","primary_20260926_v2.2.0_gha","2026-09-26 12:30","2.2.0","+0930","primary","s26",1,"",""
"2026-09-26 12:30:39","2060","North Sydney","NSW","metro core","Samsung Galaxy S26 5G 256GB","Y","Delivered within 90 minutes","ASAP",11.99,"Delivered by 28 September",6.99,"Y","","ON_DEMAND_ASAP","logo-alt",2,"North Sydney NSW 2060","primary_20260926_v2.2.0_gha","2026-09-26 12:30","2.2.0","+0930","primary","s26",1,"",""
"2026-09-26 12:31:04","2170","Liverpool","NSW","metro fringe","Samsung Galaxy S26 5G 256GB","Y","Delivered within 90 minutes","ASAP",11.99,"Delivered by 28 September",6.99,"Y","","ON_DEMAND_ASAP","logo-alt",2,"Liverpool NSW 2170","primary_20260926_v2.2.0_gha","2026-09-26 12:30","2.2.0","+0930","primary","s26",1,"",""
"2026-09-26 12:31:30","2750","Penrith","NSW","metro fringe","Samsung Galaxy S26 5G 256GB","Y","Delivered within 90 minutes","ASAP",11.99,"Delivered by 28 September",6.99,"Y","","ON_DEMAND_ASAP","logo-alt",2,"Penrith NSW 2750","primary_20260926_v2.2.0_gha","2026-09-26 12:30","2.2.0","+0930","primary","s26",1,"",""
"2026-09-26 12:31:55","2300","Newcastle","NSW","regional","Samsung Galaxy S26 5G 256GB","Y","Delivered within 2 hours","SCHEDULED",11.99,"Delivered by 2 October",6.99,"Y","","ON_DEMAND_SCHEDULED","logo-alt",4,"Newcastle NSW 2300","primary_20260926_v2.2.0_gha","2026-09-26 12:30","2.2.0","+0930","primary","s26",1,"",""
"2026-09-26 12:32:22","2650","Wagga Wagga","NSW","regional","Samsung Galaxy S26 5G 256GB","Y","Delivered within 90 minutes","ASAP",11.99,"Delivered by 29 September",9.99,"Y","price tie - 3 non-Uber options at $9.99, first in DOM order used","ON_DEMAND_ASAP","logo-alt",4,"Wagga Wagga NSW 2650","primary_20260926_v2.2.0_gha","2026-09-26 12:30","2.2.0","+0930","primary","s26",1,"",""
"2026-09-26 12:32:47","2480","Lismore","NSW","regional","Samsung Galaxy S26 5G 256GB","N","","NONE","","Delivered by 29 September",9.99,"N","No on-demand option offered; price tie - 3 non-Uber options at $9.99, first in DOM order used","ON_DEMAND_UNAVAILABLE","",3,"Lismore NSW 2480","primary_20260926_v2.2.0_gha","2026-09-26 12:30","2.2.0","+0930","primary","s26",1,"",""
"2026-09-26 12:33:10","3000","Melbourne","VIC","metro core","Samsung Galaxy S26 5G 256GB","Y","Delivered within 90 minutes","ASAP",11.99,"Delivered by 28 September",6.99,"Y","","ON_DEMAND_ASAP","logo-alt",2,"Melbourne VIC 3000","primary_20260926_v2.2.0_gha","2026-09-26 12:30","2.2.0","+0930","primary","s26",1,"",""
"2026-09-26 12:33:32","3121","Richmond","VIC","metro core","Samsung Galaxy S26 5G 256GB","Y","Delivered within 90 minutes","ASAP",11.99,"Delivered by 28 September",6.99,"Y","","ON_DEMAND_ASAP","logo-alt",2,"Richmond VIC 3121","primary_20260926_v2.2.0_gha","2026-09-26 12:30","2.2.0","+0930","primary","s26",1,"",""
"2026-09-26 12:33:57","3030","Point Cook","VIC","metro fringe","Samsung Galaxy S26 5G 256GB","Y","Delivered within 90 minutes","ASAP",11.99,"Delivered by 28 September",6.99,"Y","","ON_DEMAND_ASAP","logo-alt",2,"Point Cook VIC 3030","primary_20260926_v2.2.0_gha","2026-09-26 12:30","2.2.0","+0930","primary","s26",1,"",""
"2026-09-26 12:34:22","3175","Dandenong","VIC","metro fringe","Samsung Galaxy S26 5G 256GB","Y","Delivered within 90 minutes","ASAP",11.99,"Delivered by 28 September",6.99,"Y","","ON_DEMAND_ASAP","logo-alt",2,"Dandenong VIC 3175","primary_20260926_v2.2.0_gha","2026-09-26 12:30","2.2.0","+0930","primary","s26",1,"",""
"2026-09-26 12:34:47","3220","Geelong","VIC","regional","Samsung Galaxy S26 5G 256GB","Y","Delivered within 90 minutes","ASAP",11.99,"Delivered by 28 September",6.99,"Y","","ON_DEMAND_ASAP","logo-alt",2,"Geelong VIC 3220","primary_20260926_v2.2.0_gha","2026-09-26 12:30","2.2.0","+0930","primary","s26",1,"",""
"2026-09-26 12:35:14","3550","Bendigo","VIC","regional","Samsung Galaxy S26 5G 256GB","Y","Delivered within 90 minutes","ASAP",11.99,"Delivered by 29 September",9.99,"Y","price tie - 3 non-Uber options at $9.99, first in DOM order used","ON_DEMAND_ASAP","logo-alt",4,"Bendigo VIC 3550","primary_20260926_v2.2.0_gha","2026-09-26 12:30","2.2.0","+0930","primary","s26",1,"",""
"2026-09-26 12:35:39","3350","Ballarat","VIC","regional","Samsung Galaxy S26 5G 256GB","Y","Delivered within 90 minutes","ASAP",11.99,"Delivered by 1 October",5.99,"Y","","ON_DEMAND_ASAP","logo-alt",4,"Ballarat VIC 3350","primary_20260926_v2.2.0_gha","2026-09-26 12:30","2.2.0","+0930","primary","s26",1,"",""
"2026-09-26 12:36:06","4000","Brisbane City","QLD","metro core","Samsung Galaxy S26 5G 256GB","Y","Delivered within 90 minutes","ASAP",11.99,"Delivered by 28 September",6.99,"Y","","ON_DEMAND_ASAP","logo-alt",2,"Brisbane City QLD 4000","primary_20260926_v2.2.0_gha","2026-09-26 12:30","2.2.0","+0930","primary","s26",1,"",""
"2026-09-26 12:36:31","4006","Fortitude Valley","QLD","metro core","Samsung Galaxy S26 5G 256GB","Y","Delivered within 2 hours","SCHEDULED",11.99,"Delivered by 28 September",6.99,"Y","","ON_DEMAND_SCHEDULED","logo-alt",2,"Fortitude Valley QLD 4006","primary_20260926_v2.2.0_gha","2026-09-26 12:30","2.2.0","+0930","primary","s26",1,"",""
"2026-09-26 12:36:57","4300","Springfield","QLD","metro fringe","Samsung Galaxy S26 5G 256GB","Y","Delivered within 90 minutes","ASAP",11.99,"Delivered by 28 September",6.99,"Y","","ON_DEMAND_ASAP","logo-alt",2,"Springfield QLD 4300","primary_20260926_v2.2.0_gha","2026-09-26 12:30","2.2.0","+0930","primary","s26",1,"",""
"2026-09-26 12:37:23","4178","Wynnum","QLD","metro fringe","Samsung Galaxy S26 5G 256GB","Y","Delivered within 2 hours","SCHEDULED",11.99,"Delivered by 28 September",6.99,"Y","","ON_DEMAND_SCHEDULED","logo-alt",2,"Wynnum QLD 4178","primary_20260926_v2.2.0_gha","2026-09-26 12:30","2.2.0","+0930","primary","s26",1,"",""
"2026-09-26 12:37:48","4350","Toowoomba City","QLD","regional","Samsung Galaxy S26 5G 256GB","Y","Delivered within 90 minutes","ASAP",11.99,"Delivered by 29 September",9.99,"Y","price tie - 3 non-Uber options at $9.99, first in DOM order used","ON_DEMAND_ASAP","logo-alt",4,"Toowoomba City QLD 4350","primary_20260926_v2.2.0_gha","2026-09-26 12:30","2.2.0","+0930","primary","s26",1,"",""
"2026-09-26 12:38:15","4740","Mackay","QLD","regional","Samsung Galaxy S26 5G 256GB","N","","NONE","","Delivered by 29 September",9.99,"N","No on-demand option offered; price tie - 3 non-Uber options at $9.99, first in DOM order used","ON_DEMAND_UNAVAILABLE","",3,"Mackay QLD 4740","primary_20260926_v2.2.0_gha","2026-09-26 12:30","2.2.0","+0930","primary","s26",1,"",""
"2026-09-26 12:38:38","4870","Cairns","QLD","regional","Samsung Galaxy S26 5G 256GB","Y","Delivered within 2 hours","SCHEDULED",11.99,"Delivered by 29 September",9.99,"Y","price tie - 3 non-Uber options at $9.99, first in DOM order used","ON_DEMAND_SCHEDULED","logo-alt",4,"Cairns QLD 4870","primary_20260926_v2.2.0_gha","2026-09-26 12:30","2.2.0","+0930","primary","s26",1,"",""
"2026-09-26 12:39:02","5000","Adelaide","SA","metro core","Samsung Galaxy S26 5G 256GB","Y","Delivered within 90 minutes","ASAP",11.99,"Delivered by 28 September",6.99,"Y","","ON_DEMAND_ASAP","logo-alt",2,"Adelaide SA 5000","primary_20260926_v2.2.0_gha","2026-09-26 12:30","2.2.0","+0930","primary","s26",1,"",""
"2026-09-26 12:39:24","5067","Norwood","SA","metro core","Samsung Galaxy S26 5G 256GB","Y","Delivered within 90 minutes","ASAP",11.99,"Delivered by 28 September",6.99,"Y","","ON_DEMAND_ASAP","logo-alt",2,"Norwood SA 5067","primary_20260926_v2.2.0_gha","2026-09-26 12:30","2.2.0","+0930","primary","s26",1,"",""
"2026-09-26 12:39:50","5034","Millswood","SA","metro core","Samsung Galaxy S26 5G 256GB","Y","Delivered within 90 minutes","ASAP",11.99,"Delivered by 28 September",6.99,"Y","","ON_DEMAND_ASAP","logo-alt",2,"Millswood SA 5034","primary_20260926_v2.2.0_gha","2026-09-26 12:30","2.2.0","+0930","primary","s26",1,"",""
"2026-09-26 12:40:15","5022","Grange","SA","metro fringe","Samsung Galaxy S26 5G 256GB","Y","Delivered within 90 minutes","ASAP",11.99,"Delivered by 28 September",6.99,"Y","","ON_DEMAND_ASAP","logo-alt",2,"Grange SA 5022","primary_20260926_v2.2.0_gha","2026-09-26 12:30","2.2.0","+0930","primary","s26",1,"",""
"2026-09-26 12:40:39","5108","Salisbury","SA","metro fringe","Samsung Galaxy S26 5G 256GB","Y","Delivered within 90 minutes","ASAP",11.99,"Delivered by 28 September",6.99,"Y","","ON_DEMAND_ASAP","logo-alt",2,"Salisbury SA 5108","primary_20260926_v2.2.0_gha","2026-09-26 12:30","2.2.0","+0930","primary","s26",1,"",""
"2026-09-26 12:41:04","5162","Morphett Vale","SA","metro fringe","Samsung Galaxy S26 5G 256GB","Y","Delivered within 90 minutes","ASAP",11.99,"Delivered by 28 September",6.99,"Y","","ON_DEMAND_ASAP","logo-alt",2,"Morphett Vale SA 5162","primary_20260926_v2.2.0_gha","2026-09-26 12:30","2.2.0","+0930","primary","s26",1,"",""
"2026-09-26 12:41:31","5095","Mawson Lakes","SA","metro fringe","Samsung Galaxy S26 5G 256GB","Y","Delivered within 90 minutes","ASAP",11.99,"Delivered by 28 September",6.99,"Y","","ON_DEMAND_ASAP","logo-alt",2,"Mawson Lakes SA 5095","primary_20260926_v2.2.0_gha","2026-09-26 12:30","2.2.0","+0930","primary","s26",1,"",""
"2026-09-26 12:41:57","5114","Smithfield","SA","outer metro","Samsung Galaxy S26 5G 256GB","Y","Delivered within 90 minutes","ASAP",11.99,"Delivered by 28 September",6.99,"Y","","ON_DEMAND_ASAP","logo-alt",2,"Smithfield SA 5114","primary_20260926_v2.2.0_gha","2026-09-26 12:30","2.2.0","+0930","primary","s26",1,"",""
"2026-09-26 12:42:22","5251","Mount Barker","SA","outer metro","Samsung Galaxy S26 5G 256GB","N","","NONE","","Delivered by 29 September",9.99,"N","No on-demand option offered; price tie - 3 non-Uber options at $9.99, first in DOM order used","ON_DEMAND_UNAVAILABLE","",3,"Mount Barker SA 5251","primary_20260926_v2.2.0_gha","2026-09-26 12:30","2.2.0","+0930","primary","s26",1,"",""
"2026-09-26 12:42:46","5290","Mount Gambier","SA","regional","Samsung Galaxy S26 5G 256GB","N","","NONE","","Delivered by 29 September",9.99,"N","No on-demand option offered; price tie - 3 non-Uber options at $9.99, first in DOM order used","ON_DEMAND_UNAVAILABLE","",3,"Mount Gambier SA 5290","primary_20260926_v2.2.0_gha","2026-09-26 12:30","2.2.0","+0930","primary","s26",1,"",""
"2026-09-26 12:43:06","5700","Port Augusta","SA","regional","Samsung Galaxy S26 5G 256GB","N","","NONE","","","","N","No available stores found for the given location.","NO_STORE_REPORTED","",0,"Port Augusta SA 5700","primary_20260926_v2.2.0_gha","2026-09-26 12:30","2.2.0","+0930","primary","s26",1,"",""
"2026-09-26 12:43:25","5606","Port Lincoln","SA","regional","Samsung Galaxy S26 5G 256GB","N","","NONE","","","","N","No available stores found for the given location.","NO_STORE_REPORTED","",0,"Port Lincoln SA 5606","primary_20260926_v2.2.0_gha","2026-09-26 12:30","2.2.0","+0930","primary","s26",1,"",""
"2026-09-26 12:43:50","6000","Perth","WA","metro core","Samsung Galaxy S26 5G 256GB","Y","Delivered within 2 hours","SCHEDULED",11.99,"Delivered by 28 September",6.99,"Y","","ON_DEMAND_SCHEDULED","logo-alt",2,"Perth WA 6000","primary_20260926_v2.2.0_gha","2026-09-26 12:30","2.2.0","+0930","primary","s26",1,"",""
"2026-09-26 12:44:12","6008","Subiaco","WA","metro core","Samsung Galaxy S26 5G 256GB","Y","Delivered within 90 minutes","ASAP",11.99,"Delivered by 28 September",6.99,"Y","","ON_DEMAND_ASAP","logo-alt",2,"Subiaco WA 6008","primary_20260926_v2.2.0_gha","2026-09-26 12:30","2.2.0","+0930","primary","s26",1,"",""
"2026-09-26 12:44:35","6164","Success","WA","metro fringe","Samsung Galaxy S26 5G 256GB","Y","Delivered within 90 minutes","ASAP",11.99,"Delivered by 28 September",6.99,"Y","","ON_DEMAND_ASAP","logo-alt",2,"Success WA 6164","primary_20260926_v2.2.0_gha","2026-09-26 12:30","2.2.0","+0930","primary","s26",1,"",""
"2026-09-26 12:45:01","6030","Clarkson","WA","metro fringe","Samsung Galaxy S26 5G 256GB","Y","Delivered within 90 minutes","ASAP",11.99,"Delivered by 28 September",6.99,"Y","","ON_DEMAND_ASAP","logo-alt",2,"Clarkson WA 6030","primary_20260926_v2.2.0_gha","2026-09-26 12:30","2.2.0","+0930","primary","s26",1,"",""
"2026-09-26 12:45:23","6230","Bunbury","WA","regional","Samsung Galaxy S26 5G 256GB","Y","Delivered within 90 minutes","ASAP",11.99,"Delivered by 30 September",9.99,"Y","price tie - 3 non-Uber options at $9.99, first in DOM order used","ON_DEMAND_ASAP","logo-alt",4,"Bunbury WA 6230","primary_20260926_v2.2.0_gha","2026-09-26 12:30","2.2.0","+0930","primary","s26",1,"",""
"2026-09-26 12:45:42","6430","Kalgoorlie","WA","regional","Samsung Galaxy S26 5G 256GB","N","","NONE","","","","N","No available stores found for the given location.","NO_STORE_REPORTED","",0,"Kalgoorlie WA 6430","primary_20260926_v2.2.0_gha","2026-09-26 12:30","2.2.0","+0930","primary","s26",1,"",""
"2026-09-26 12:46:03","6530","Geraldton","WA","regional","Samsung Galaxy S26 5G 256GB","N","","NONE","","","","N","No available stores found for the given location.","NO_STORE_REPORTED","",0,"Geraldton WA 6530","primary_20260926_v2.2.0_gha","2026-09-26 12:30","2.2.0","+0930","primary","s26",1,"",""
"2026-09-26 12:46:47","7000","Hobart","TAS","metro core","Samsung Galaxy S26 5G 256GB","Y","Delivered within 90 minutes","ASAP",11.99,"Delivered by 30 September",6.99,"Y","","ON_DEMAND_ASAP","logo-alt",4,"Hobart TAS 7000","primary_20260926_v2.2.0_gha","2026-09-26 12:30","2.2.0","+0930","primary","s26",2,"",""
"2026-09-26 12:47:10","7010","Glenorchy","TAS","metro fringe","Samsung Galaxy S26 5G 256GB","Y","Delivered within 2 hours","SCHEDULED",11.99,"Delivered by 1 October",6.99,"Y","","ON_DEMAND_SCHEDULED","logo-alt",4,"Glenorchy TAS 7010","primary_20260926_v2.2.0_gha","2026-09-26 12:30","2.2.0","+0930","primary","s26",1,"",""
"2026-09-26 12:47:36","7250","Launceston","TAS","regional","Samsung Galaxy S26 5G 256GB","Y","Delivered within 90 minutes","ASAP",11.99,"Delivered by 30 September",6.99,"Y","","ON_DEMAND_ASAP","logo-alt",4,"Launceston TAS 7250","primary_20260926_v2.2.0_gha","2026-09-26 12:30","2.2.0","+0930","primary","s26",1,"",""
"2026-09-26 12:47:58","7320","Burnie","TAS","regional","Samsung Galaxy S26 5G 256GB","N","","NONE","","Delivered by 30 September",6.99,"N","No on-demand option offered","ON_DEMAND_UNAVAILABLE","",3,"Burnie TAS 7320","primary_20260926_v2.2.0_gha","2026-09-26 12:30","2.2.0","+0930","primary","s26",1,"",""
"2026-09-26 12:48:21","2601","Canberra","ACT","metro core","Samsung Galaxy S26 5G 256GB","Y","Delivered within 90 minutes","ASAP",11.99,"Delivered by 1 October",6.99,"Y","","ON_DEMAND_ASAP","logo-alt",4,"Canberra ACT 2601","primary_20260926_v2.2.0_gha","2026-09-26 12:30","2.2.0","+0930","primary","s26",1,"",""
"2026-09-26 12:48:44","2900","Greenway","ACT","metro fringe","Samsung Galaxy S26 5G 256GB","Y","Delivered within 90 minutes","ASAP",11.99,"Delivered by 1 October",6.99,"Y","","ON_DEMAND_ASAP","logo-alt",4,"Greenway ACT 2900","primary_20260926_v2.2.0_gha","2026-09-26 12:30","2.2.0","+0930","primary","s26",1,"",""
"2026-09-26 12:49:10","0800","Darwin City","NT","metro core","Samsung Galaxy S26 5G 256GB","Y","Delivered within 90 minutes","ASAP",11.99,"Delivered by 30 September",9.99,"Y","price tie - 3 non-Uber options at $9.99, first in DOM order used","ON_DEMAND_ASAP","logo-alt",4,"Darwin City NT 0800","primary_20260926_v2.2.0_gha","2026-09-26 12:30","2.2.0","+0930","primary","s26",1,"",""
"2026-09-26 12:49:35","0810","Casuarina","NT","metro fringe","Samsung Galaxy S26 5G 256GB","Y","Delivered within 90 minutes","ASAP",11.99,"Delivered by 30 September",9.99,"Y","price tie - 3 non-Uber options at $9.99, first in DOM order used","ON_DEMAND_ASAP","logo-alt",4,"Casuarina NT 0810","primary_20260926_v2.2.0_gha","2026-09-26 12:30","2.2.0","+0930","primary","s26",1,"",""
"2026-09-26 12:49:54","0870","Alice Springs","NT","regional","Samsung Galaxy S26 5G 256GB","N","","NONE","","","","N","No available stores found for the given location.","NO_STORE_REPORTED","",0,"Alice Springs NT 0870","primary_20260926_v2.2.0_gha","2026-09-26 12:30","2.2.0","+0930","primary","s26",1,"",""
"2026-09-26 13:00:16","2000","Sydney","NSW","metro core","Samsung Galaxy S26 5G 256GB","Y","Delivered within 2 hours","SCHEDULED",11.99,"Delivered by 28 September",6.99,"Y","","ON_DEMAND_SCHEDULED","logo-alt",2,"Sydney NSW 2000","primary_20260926_v2.2.0_gha","2026-09-26 13:00","2.2.0","+0930","primary","s26",1,"",""
"2026-09-26 13:00:40","2060","North Sydney","NSW","metro core","Samsung Galaxy S26 5G 256GB","Y","Delivered within 90 minutes","ASAP",11.99,"Delivered by 28 September",6.99,"Y","","ON_DEMAND_ASAP","logo-alt",2,"North Sydney NSW 2060","primary_20260926_v2.2.0_gha","2026-09-26 13:00","2.2.0","+0930","primary","s26",1,"",""
"2026-09-26 13:01:08","2170","Liverpool","NSW","metro fringe","Samsung Galaxy S26 5G 256GB","Y","Delivered within 90 minutes","ASAP",11.99,"Delivered by 28 September",6.99,"Y","","ON_DEMAND_ASAP","logo-alt",2,"Liverpool NSW 2170","primary_20260926_v2.2.0_gha","2026-09-26 13:00","2.2.0","+0930","primary","s26",1,"",""
"2026-09-26 13:01:32","2750","Penrith","NSW","metro fringe","Samsung Galaxy S26 5G 256GB","Y","Delivered within 90 minutes","ASAP",11.99,"Delivered by 28 September",6.99,"Y","","ON_DEMAND_ASAP","logo-alt",2,"Penrith NSW 2750","primary_20260926_v2.2.0_gha","2026-09-26 13:00","2.2.0","+0930","primary","s26",1,"",""
"2026-09-26 13:01:54","2300","Newcastle","NSW","regional","Samsung Galaxy S26 5G 256GB","Y","Delivered within 2 hours","SCHEDULED",11.99,"Delivered by 2 October",6.99,"Y","","ON_DEMAND_SCHEDULED","logo-alt",4,"Newcastle NSW 2300","primary_20260926_v2.2.0_gha","2026-09-26 13:00","2.2.0","+0930","primary","s26",1,"",""
"2026-09-26 13:02:20","2650","Wagga Wagga","NSW","regional","Samsung Galaxy S26 5G 256GB","Y","Delivered within 90 minutes","ASAP",11.99,"Delivered by 29 September",9.99,"Y","price tie - 3 non-Uber options at $9.99, first in DOM order used","ON_DEMAND_ASAP","logo-alt",4,"Wagga Wagga NSW 2650","primary_20260926_v2.2.0_gha","2026-09-26 13:00","2.2.0","+0930","primary","s26",1,"",""
"2026-09-26 13:02:49","2480","Lismore","NSW","regional","Samsung Galaxy S26 5G 256GB","N","","NONE","","Delivered by 29 September",9.99,"N","No on-demand option offered; price tie - 3 non-Uber options at $9.99, first in DOM order used","ON_DEMAND_UNAVAILABLE","",3,"Lismore NSW 2480","primary_20260926_v2.2.0_gha","2026-09-26 13:00","2.2.0","+0930","primary","s26",1,"",""
"2026-09-26 13:03:12","3000","Melbourne","VIC","metro core","Samsung Galaxy S26 5G 256GB","Y","Delivered within 90 minutes","ASAP",11.99,"Delivered by 28 September",6.99,"Y","","ON_DEMAND_ASAP","logo-alt",2,"Melbourne VIC 3000","primary_20260926_v2.2.0_gha","2026-09-26 13:00","2.2.0","+0930","primary","s26",1,"",""
"2026-09-26 13:03:34","3121","Richmond","VIC","metro core","Samsung Galaxy S26 5G 256GB","Y","Delivered within 90 minutes","ASAP",11.99,"Delivered by 28 September",6.99,"Y","","ON_DEMAND_ASAP","logo-alt",2,"Richmond VIC 3121","primary_20260926_v2.2.0_gha","2026-09-26 13:00","2.2.0","+0930","primary","s26",1,"",""
"2026-09-26 13:03:55","3030","Point Cook","VIC","metro fringe","Samsung Galaxy S26 5G 256GB","Y","Delivered within 90 minutes","ASAP",11.99,"Delivered by 28 September",6.99,"Y","","ON_DEMAND_ASAP","logo-alt",2,"Point Cook VIC 3030","primary_20260926_v2.2.0_gha","2026-09-26 13:00","2.2.0","+0930","primary","s26",1,"",""
"2026-09-26 13:04:20","3175","Dandenong","VIC","metro fringe","Samsung Galaxy S26 5G 256GB","Y","Delivered within 90 minutes","ASAP",11.99,"Delivered by 28 September",6.99,"Y","","ON_DEMAND_ASAP","logo-alt",2,"Dandenong VIC 3175","primary_20260926_v2.2.0_gha","2026-09-26 13:00","2.2.0","+0930","primary","s26",1,"",""
"2026-09-26 13:04:43","3220","Geelong","VIC","regional","Samsung Galaxy S26 5G 256GB","Y","Delivered within 90 minutes","ASAP",11.99,"Delivered by 28 September",6.99,"Y","","ON_DEMAND_ASAP","logo-alt",2,"Geelong VIC 3220","primary_20260926_v2.2.0_gha","2026-09-26 13:00","2.2.0","+0930","primary","s26",1,"",""
"2026-09-26 13:05:08","3550","Bendigo","VIC","regional","Samsung Galaxy S26 5G 256GB","Y","Delivered within 90 minutes","ASAP",11.99,"Delivered by 29 September",9.99,"Y","price tie - 3 non-Uber options at $9.99, first in DOM order used","ON_DEMAND_ASAP","logo-alt",4,"Bendigo VIC 3550","primary_20260926_v2.2.0_gha","2026-09-26 13:00","2.2.0","+0930","primary","s26",1,"",""
"2026-09-26 13:05:33","3350","Ballarat","VIC","regional","Samsung Galaxy S26 5G 256GB","Y","Delivered within 90 minutes","ASAP",11.99,"Delivered by 30 September",5.99,"Y","","ON_DEMAND_ASAP","logo-alt",4,"Ballarat VIC 3350","primary_20260926_v2.2.0_gha","2026-09-26 13:00","2.2.0","+0930","primary","s26",1,"",""
"2026-09-26 13:05:59","4000","Brisbane City","QLD","metro core","Samsung Galaxy S26 5G 256GB","Y","Delivered within 90 minutes","ASAP",11.99,"Delivered by 28 September",6.99,"Y","","ON_DEMAND_ASAP","logo-alt",2,"Brisbane City QLD 4000","primary_20260926_v2.2.0_gha","2026-09-26 13:00","2.2.0","+0930","primary","s26",1,"",""
"2026-09-26 13:06:24","4006","Fortitude Valley","QLD","metro core","Samsung Galaxy S26 5G 256GB","Y","Delivered within 2 hours","SCHEDULED",11.99,"Delivered by 28 September",6.99,"Y","","ON_DEMAND_SCHEDULED","logo-alt",2,"Fortitude Valley QLD 4006","primary_20260926_v2.2.0_gha","2026-09-26 13:00","2.2.0","+0930","primary","s26",1,"",""
"2026-09-26 13:06:49","4300","Springfield","QLD","metro fringe","Samsung Galaxy S26 5G 256GB","Y","Delivered within 90 minutes","ASAP",11.99,"Delivered by 28 September",6.99,"Y","","ON_DEMAND_ASAP","logo-alt",2,"Springfield QLD 4300","primary_20260926_v2.2.0_gha","2026-09-26 13:00","2.2.0","+0930","primary","s26",1,"",""
"2026-09-26 13:07:14","4178","Wynnum","QLD","metro fringe","Samsung Galaxy S26 5G 256GB","Y","Delivered within 2 hours","SCHEDULED",11.99,"Delivered by 28 September",6.99,"Y","","ON_DEMAND_SCHEDULED","logo-alt",2,"Wynnum QLD 4178","primary_20260926_v2.2.0_gha","2026-09-26 13:00","2.2.0","+0930","primary","s26",1,"",""
"2026-09-26 13:07:37","4350","Toowoomba City","QLD","regional","Samsung Galaxy S26 5G 256GB","Y","Delivered within 90 minutes","ASAP",11.99,"Delivered by 29 September",9.99,"Y","price tie - 3 non-Uber options at $9.99, first in DOM order used","ON_DEMAND_ASAP","logo-alt",4,"Toowoomba City QLD 4350","primary_20260926_v2.2.0_gha","2026-09-26 13:00","2.2.0","+0930","primary","s26",1,"",""
"2026-09-26 13:08:00","4740","Mackay","QLD","regional","Samsung Galaxy S26 5G 256GB","N","","NONE","","Delivered by 29 September",9.99,"N","No on-demand option offered; price tie - 3 non-Uber options at $9.99, first in DOM order used","ON_DEMAND_UNAVAILABLE","",3,"Mackay QLD 4740","primary_20260926_v2.2.0_gha","2026-09-26 13:00","2.2.0","+0930","primary","s26",1,"",""
"2026-09-26 13:08:27","4870","Cairns","QLD","regional","Samsung Galaxy S26 5G 256GB","Y","Delivered within 2 hours","SCHEDULED",11.99,"Delivered by 29 September",9.99,"Y","price tie - 3 non-Uber options at $9.99, first in DOM order used","ON_DEMAND_SCHEDULED","logo-alt",4,"Cairns QLD 4870","primary_20260926_v2.2.0_gha","2026-09-26 13:00","2.2.0","+0930","primary","s26",1,"",""
"2026-09-26 13:08:49","5000","Adelaide","SA","metro core","Samsung Galaxy S26 5G 256GB","Y","Delivered within 90 minutes","ASAP",11.99,"Delivered by 28 September",6.99,"Y","","ON_DEMAND_ASAP","logo-alt",2,"Adelaide SA 5000","primary_20260926_v2.2.0_gha","2026-09-26 13:00","2.2.0","+0930","primary","s26",1,"",""
"2026-09-26 13:09:15","5067","Norwood","SA","metro core","Samsung Galaxy S26 5G 256GB","Y","Delivered within 90 minutes","ASAP",11.99,"Delivered by 28 September",6.99,"Y","","ON_DEMAND_ASAP","logo-alt",2,"Norwood SA 5067","primary_20260926_v2.2.0_gha","2026-09-26 13:00","2.2.0","+0930","primary","s26",1,"",""
"2026-09-26 13:09:37","5034","Millswood","SA","metro core","Samsung Galaxy S26 5G 256GB","Y","Delivered within 90 minutes","ASAP",11.99,"Delivered by 28 September",6.99,"Y","","ON_DEMAND_ASAP","logo-alt",2,"Millswood SA 5034","primary_20260926_v2.2.0_gha","2026-09-26 13:00","2.2.0","+0930","primary","s26",1,"",""
"2026-09-26 13:10:01","5022","Grange","SA","metro fringe","Samsung Galaxy S26 5G 256GB","Y","Delivered within 90 minutes","ASAP",11.99,"Delivered by 28 September",6.99,"Y","","ON_DEMAND_ASAP","logo-alt",2,"Grange SA 5022","primary_20260926_v2.2.0_gha","2026-09-26 13:00","2.2.0","+0930","primary","s26",1,"",""
"2026-09-26 13:10:27","5108","Salisbury","SA","metro fringe","Samsung Galaxy S26 5G 256GB","Y","Delivered within 90 minutes","ASAP",11.99,"Delivered by 28 September",6.99,"Y","","ON_DEMAND_ASAP","logo-alt",2,"Salisbury SA 5108","primary_20260926_v2.2.0_gha","2026-09-26 13:00","2.2.0","+0930","primary","s26",1,"",""
"2026-09-26 13:10:52","5162","Morphett Vale","SA","metro fringe","Samsung Galaxy S26 5G 256GB","Y","Delivered within 90 minutes","ASAP",11.99,"Delivered by 28 September",6.99,"Y","","ON_DEMAND_ASAP","logo-alt",2,"Morphett Vale SA 5162","primary_20260926_v2.2.0_gha","2026-09-26 13:00","2.2.0","+0930","primary","s26",1,"",""
"2026-09-26 13:11:19","5095","Mawson Lakes","SA","metro fringe","Samsung Galaxy S26 5G 256GB","Y","Delivered within 90 minutes","ASAP",11.99,"Delivered by 28 September",6.99,"Y","","ON_DEMAND_ASAP","logo-alt",2,"Mawson Lakes SA 5095","primary_20260926_v2.2.0_gha","2026-09-26 13:00","2.2.0","+0930","primary","s26",1,"",""
"2026-09-26 13:11:45","5114","Smithfield","SA","outer metro","Samsung Galaxy S26 5G 256GB","Y","Delivered within 90 minutes","ASAP",11.99,"Delivered by 28 September",6.99,"Y","","ON_DEMAND_ASAP","logo-alt",2,"Smithfield SA 5114","primary_20260926_v2.2.0_gha","2026-09-26 13:00","2.2.0","+0930","primary","s26",1,"",""
"2026-09-26 13:12:08","5251","Mount Barker","SA","outer metro","Samsung Galaxy S26 5G 256GB","N","","NONE","","Delivered by 29 September",9.99,"N","No on-demand option offered; price tie - 3 non-Uber options at $9.99, first in DOM order used","ON_DEMAND_UNAVAILABLE","",3,"Mount Barker SA 5251","primary_20260926_v2.2.0_gha","2026-09-26 13:00","2.2.0","+0930","primary","s26",1,"",""
"2026-09-26 13:12:34","5290","Mount Gambier","SA","regional","Samsung Galaxy S26 5G 256GB","N","","NONE","","Delivered by 29 September",9.99,"N","No on-demand option offered; price tie - 3 non-Uber options at $9.99, first in DOM order used","ON_DEMAND_UNAVAILABLE","",3,"Mount Gambier SA 5290","primary_20260926_v2.2.0_gha","2026-09-26 13:00","2.2.0","+0930","primary","s26",1,"",""
"2026-09-26 13:12:53","5700","Port Augusta","SA","regional","Samsung Galaxy S26 5G 256GB","N","","NONE","","","","N","No available stores found for the given location.","NO_STORE_REPORTED","",0,"Port Augusta SA 5700","primary_20260926_v2.2.0_gha","2026-09-26 13:00","2.2.0","+0930","primary","s26",1,"",""
"2026-09-26 13:13:13","5606","Port Lincoln","SA","regional","Samsung Galaxy S26 5G 256GB","N","","NONE","","","","N","No available stores found for the given location.","NO_STORE_REPORTED","",0,"Port Lincoln SA 5606","primary_20260926_v2.2.0_gha","2026-09-26 13:00","2.2.0","+0930","primary","s26",1,"",""
"2026-09-26 13:13:37","6000","Perth","WA","metro core","Samsung Galaxy S26 5G 256GB","Y","Delivered within 2 hours","SCHEDULED",11.99,"Delivered by 28 September",6.99,"Y","","ON_DEMAND_SCHEDULED","logo-alt",2,"Perth WA 6000","primary_20260926_v2.2.0_gha","2026-09-26 13:00","2.2.0","+0930","primary","s26",1,"",""
"2026-09-26 13:14:03","6008","Subiaco","WA","metro core","Samsung Galaxy S26 5G 256GB","Y","Delivered within 90 minutes","ASAP",11.99,"Delivered by 28 September",6.99,"Y","","ON_DEMAND_ASAP","logo-alt",2,"Subiaco WA 6008","primary_20260926_v2.2.0_gha","2026-09-26 13:00","2.2.0","+0930","primary","s26",1,"",""
"2026-09-26 13:14:25","6164","Success","WA","metro fringe","Samsung Galaxy S26 5G 256GB","Y","Delivered within 90 minutes","ASAP",11.99,"Delivered by 28 September",6.99,"Y","","ON_DEMAND_ASAP","logo-alt",2,"Success WA 6164","primary_20260926_v2.2.0_gha","2026-09-26 13:00","2.2.0","+0930","primary","s26",1,"",""
"2026-09-26 13:14:51","6030","Clarkson","WA","metro fringe","Samsung Galaxy S26 5G 256GB","Y","Delivered within 90 minutes","ASAP",11.99,"Delivered by 28 September",6.99,"Y","","ON_DEMAND_ASAP","logo-alt",2,"Clarkson WA 6030","primary_20260926_v2.2.0_gha","2026-09-26 13:00","2.2.0","+0930","primary","s26",1,"",""
"2026-09-26 13:15:19","6230","Bunbury","WA","regional","Samsung Galaxy S26 5G 256GB","Y","Delivered within 90 minutes","ASAP",11.99,"Delivered by 30 September",9.99,"Y","price tie - 3 non-Uber options at $9.99, first in DOM order used","ON_DEMAND_ASAP","logo-alt",4,"Bunbury WA 6230","primary_20260926_v2.2.0_gha","2026-09-26 13:00","2.2.0","+0930","primary","s26",1,"",""
"2026-09-26 13:15:38","6430","Kalgoorlie","WA","regional","Samsung Galaxy S26 5G 256GB","N","","NONE","","","","N","No available stores found for the given location.","NO_STORE_REPORTED","",0,"Kalgoorlie WA 6430","primary_20260926_v2.2.0_gha","2026-09-26 13:00","2.2.0","+0930","primary","s26",1,"",""
"2026-09-26 13:16:01","6530","Geraldton","WA","regional","Samsung Galaxy S26 5G 256GB","N","","NONE","","","","N","No available stores found for the given location.","NO_STORE_REPORTED","",0,"Geraldton WA 6530","primary_20260926_v2.2.0_gha","2026-09-26 13:00","2.2.0","+0930","primary","s26",1,"",""
"2026-09-26 13:16:23","7000","Hobart","TAS","metro core","Samsung Galaxy S26 5G 256GB","Y","Delivered within 90 minutes","ASAP",11.99,"Delivered by 30 September",6.99,"Y","","ON_DEMAND_ASAP","logo-alt",4,"Hobart TAS 7000","primary_20260926_v2.2.0_gha","2026-09-26 13:00","2.2.0","+0930","primary","s26",1,"",""
"2026-09-26 13:16:46","7010","Glenorchy","TAS","metro fringe","Samsung Galaxy S26 5G 256GB","Y","Delivered within 2 hours","SCHEDULED",11.99,"Delivered by 1 October",6.99,"Y","","ON_DEMAND_SCHEDULED","logo-alt",4,"Glenorchy TAS 7010","primary_20260926_v2.2.0_gha","2026-09-26 13:00","2.2.0","+0930","primary","s26",1,"",""
"2026-09-26 13:17:10","7250","Launceston","TAS","regional","Samsung Galaxy S26 5G 256GB","Y","Delivered within 90 minutes","ASAP",11.99,"Delivered by 30 September",6.99,"Y","","ON_DEMAND_ASAP","logo-alt",4,"Launceston TAS 7250","primary_20260926_v2.2.0_gha","2026-09-26 13:00","2.2.0","+0930","primary","s26",1,"",""
"2026-09-26 13:17:34","7320","Burnie","TAS","regional","Samsung Galaxy S26 5G 256GB","N","","NONE","","Delivered by 30 September",6.99,"N","No on-demand option offered","ON_DEMAND_UNAVAILABLE","",3,"Burnie TAS 7320","primary_20260926_v2.2.0_gha","2026-09-26 13:00","2.2.0","+0930","primary","s26",1,"",""
"2026-09-26 13:17:58","2601","Canberra","ACT","metro core","Samsung Galaxy S26 5G 256GB","Y","Delivered within 90 minutes","ASAP",11.99,"Delivered by 1 October",6.99,"Y","","ON_DEMAND_ASAP","logo-alt",4,"Canberra ACT 2601","primary_20260926_v2.2.0_gha","2026-09-26 13:00","2.2.0","+0930","primary","s26",1,"",""
"2026-09-26 13:18:20","2900","Greenway","ACT","metro fringe","Samsung Galaxy S26 5G 256GB","Y","Delivered within 90 minutes","ASAP",11.99,"Delivered by 1 October",6.99,"Y","","ON_DEMAND_ASAP","logo-alt",4,"Greenway ACT 2900","primary_20260926_v2.2.0_gha","2026-09-26 13:00","2.2.0","+0930","primary","s26",1,"",""
"2026-09-26 13:18:44","0800","Darwin City","NT","metro core","Samsung Galaxy S26 5G 256GB","Y","Delivered within 90 minutes","ASAP",11.99,"Delivered by 30 September",9.99,"Y","price tie - 3 non-Uber options at $9.99, first in DOM order used","ON_DEMAND_ASAP","logo-alt",4,"Darwin City NT 0800","primary_20260926_v2.2.0_gha","2026-09-26 13:00","2.2.0","+0930","primary","s26",1,"",""
"2026-09-26 13:19:09","0810","Casuarina","NT","metro fringe","Samsung Galaxy S26 5G 256GB","Y","Delivered within 90 minutes","ASAP",11.99,"Delivered by 30 September",9.99,"Y","price tie - 3 non-Uber options at $9.99, first in DOM order used","ON_DEMAND_ASAP","logo-alt",4,"Casuarina NT 0810","primary_20260926_v2.2.0_gha","2026-09-26 13:00","2.2.0","+0930","primary","s26",1,"",""
"2026-09-26 13:19:27","0870","Alice Springs","NT","regional","Samsung Galaxy S26 5G 256GB","N","","NONE","","","","N","No available stores found for the given location.","NO_STORE_REPORTED","",0,"Alice Springs NT 0870","primary_20260926_v2.2.0_gha","2026-09-26 13:00","2.2.0","+0930","primary","s26",1,"",""
